{
  "credit_card_info": {
    "precision": 0.75,
    "recall": 0.75,
    "f1-score": 0.75,
    "support": 4,
    "confused_with": {
      "due_credit_card_bills": 1
    }
  },
  "goodbye": {
    "precision": 0.8,
    "recall": 0.36363636363636365,
    "f1-score": 0.5000000000000001,
    "support": 11,
    "confused_with": {
      "mood_unhappy": 3,
      "mood_great": 2
    }
  },
  "order_status": {
    "precision": 0.8125,
    "recall": 0.8666666666666667,
    "f1-score": 0.8387096774193549,
    "support": 15,
    "confused_with": {
      "order_cancel": 2
    }
  },
  "order_cancel": {
    "precision": 0.5714285714285714,
    "recall": 0.8,
    "f1-score": 0.6666666666666666,
    "support": 5,
    "confused_with": {
      "order_status": 1
    }
  },
  "fashion": {
    "precision": 1.0,
    "recall": 1.0,
    "f1-score": 1.0,
    "support": 2,
    "confused_with": {}
  },
  "mood_unhappy": {
    "precision": 0.6,
    "recall": 0.75,
    "f1-score": 0.6666666666666665,
    "support": 16,
    "confused_with": {
      "mood_great": 2,
      "order_status": 1
    }
  },
  "faq": {
    "precision": 0.0,
    "recall": 0.0,
    "f1-score": 0.0,
    "support": 4,
    "confused_with": {
      "help": 3,
      "deny": 1
    }
  },
  "deny": {
    "precision": 0.5,
    "recall": 0.42857142857142855,
    "f1-score": 0.4615384615384615,
    "support": 7,
    "confused_with": {
      "no_thanks": 2,
      "order_cancel": 1
    }
  },
  "mood_great": {
    "precision": 0.47058823529411764,
    "recall": 0.5714285714285714,
    "f1-score": 0.5161290322580646,
    "support": 14,
    "confused_with": {
      "mood_unhappy": 4,
      "greet": 1
    }
  },
  "welcome": {
    "precision": 0.8,
    "recall": 1.0,
    "f1-score": 0.888888888888889,
    "support": 4,
    "confused_with": {}
  },
  "return": {
    "precision": 0.8181818181818182,
    "recall": 0.9,
    "f1-score": 0.8571428571428572,
    "support": 10,
    "confused_with": {
      "order_product": 1
    }
  },
  "human_handoff": {
    "precision": 0.7857142857142857,
    "recall": 0.9166666666666666,
    "f1-score": 0.8461538461538461,
    "support": 24,
    "confused_with": {
      "deny": 1,
      "offers": 1
    }
  },
  "help": {
    "precision": 0.8695652173913043,
    "recall": 1.0,
    "f1-score": 0.9302325581395349,
    "support": 20,
    "confused_with": {}
  },
  "affirm": {
    "precision": 0.5,
    "recall": 0.2222222222222222,
    "f1-score": 0.30769230769230765,
    "support": 9,
    "confused_with": {
      "mood_great": 3,
      "human_handoff": 2
    }
  },
  "offers": {
    "precision": 0.8571428571428571,
    "recall": 1.0,
    "f1-score": 0.923076923076923,
    "support": 6,
    "confused_with": {}
  },
  "mobiles": {
    "precision": 0.0,
    "recall": 0.0,
    "f1-score": 0.0,
    "support": 2,
    "confused_with": {
      "mood_great": 1,
      "greet": 1
    }
  },
  "bot_challenge": {
    "precision": 1.0,
    "recall": 0.25,
    "f1-score": 0.4,
    "support": 4,
    "confused_with": {
      "human_handoff": 3
    }
  },
  "due_credit_card_bills": {
    "precision": 0.8,
    "recall": 1.0,
    "f1-score": 0.888888888888889,
    "support": 4,
    "confused_with": {}
  },
  "show_credit_balance": {
    "precision": 0.7777777777777778,
    "recall": 1.0,
    "f1-score": 0.8750000000000001,
    "support": 7,
    "confused_with": {}
  },
  "no_thanks": {
    "precision": 0.0,
    "recall": 0.0,
    "f1-score": 0.0,
    "support": 2,
    "confused_with": {
      "welcome": 1,
      "deny": 1
    }
  },
  "order_product": {
    "precision": 0.6666666666666666,
    "recall": 0.5,
    "f1-score": 0.5714285714285715,
    "support": 4,
    "confused_with": {
      "return": 2
    }
  },
  "greet": {
    "precision": 0.7777777777777778,
    "recall": 0.7368421052631579,
    "f1-score": 0.7567567567567567,
    "support": 19,
    "confused_with": {
      "human_handoff": 1,
      "mood_great": 1
    }
  },
  "accuracy": 0.7253886010362695,
  "macro avg": {
    "precision": 0.6435156003352355,
    "recall": 0.6389106374752308,
    "f1-score": 0.6202260046689904,
    "support": 193
  },
  "weighted avg": {
    "precision": 0.704118598807221,
    "recall": 0.7253886010362695,
    "f1-score": 0.6985952796294307,
    "support": 193
  }
}