{
  "order_status": {
    "precision": 0.9333333333333333,
    "recall": 0.9333333333333333,
    "f1-score": 0.9333333333333333,
    "support": 15,
    "confused_with": {
      "greet": 1
    }
  },
  "return": {
    "precision": 0.6923076923076923,
    "recall": 1.0,
    "f1-score": 0.8181818181818181,
    "support": 9,
    "confused_with": {}
  },
  "mood_unhappy": {
    "precision": 0.7222222222222222,
    "recall": 0.8125,
    "f1-score": 0.7647058823529411,
    "support": 16,
    "confused_with": {
      "help": 1,
      "goodbye": 1
    }
  },
  "help": {
    "precision": 0.8571428571428571,
    "recall": 0.9,
    "f1-score": 0.8780487804878048,
    "support": 20,
    "confused_with": {
      "return": 1,
      "affirm": 1
    }
  },
  "goodbye": {
    "precision": 0.75,
    "recall": 0.5454545454545454,
    "f1-score": 0.631578947368421,
    "support": 11,
    "confused_with": {
      "return": 1,
      "mood_unhappy": 1
    }
  },
  "affirm": {
    "precision": 0.0,
    "recall": 0.0,
    "f1-score": 0.0,
    "support": 7,
    "confused_with": {
      "greet": 2,
      "return": 1,
      "order_status": 1
    }
  },
  "greet": {
    "precision": 0.7058823529411765,
    "recall": 0.75,
    "f1-score": 0.7272727272727272,
    "support": 16,
    "confused_with": {
      "affirm": 2,
      "return": 1
    }
  },
  "human_handoff": {
    "precision": 1.0,
    "recall": 0.9166666666666666,
    "f1-score": 0.9565217391304348,
    "support": 24,
    "confused_with": {
      "mood_great": 1,
      "affirm": 1
    }
  },
  "deny": {
    "precision": 0.6666666666666666,
    "recall": 0.5714285714285714,
    "f1-score": 0.6153846153846153,
    "support": 7,
    "confused_with": {
      "mood_unhappy": 2,
      "help": 1
    }
  },
  "mood_great": {
    "precision": 0.8461538461538461,
    "recall": 0.7857142857142857,
    "f1-score": 0.8148148148148148,
    "support": 14,
    "confused_with": {
      "mood_unhappy": 1,
      "greet": 1
    }
  },
  "accuracy": 0.7841726618705036,
  "macro avg": {
    "precision": 0.7173708970767795,
    "recall": 0.7215097402597401,
    "f1-score": 0.7139842658326911,
    "support": 139
  },
  "weighted avg": {
    "precision": 0.7840728063961243,
    "recall": 0.7841726618705036,
    "f1-score": 0.7799658964222008,
    "support": 139
  }
}